name,price_1lb,cup_characteristics,roasting_notes
Burundi Kayave Washing Station,9.16,"Aromas of maple syrup, bittersweet chocolate. Flavors of plum, raisin and dates. Puckery, dry finish. Complex.","Bourbon coffees tend to be sturdy and dense, and as such can be roasted to most levels. Our personal preference is to pull at the very start of 2nd Crack; at this level some high notes are present while the chocolate elements of the coffee are well defined."
Burundi Masha Washing Station,9.92,"Flavors of red apple, Meyer lemon, butterscotch, baker's chocolate and a touch of spice. Tannic and smooth on the palate, and acetic like rice wine vinegar. Starts succulent and mouth filling but ends dry. Clean and sweet.","Bourbon coffees tend to be sturdy and dense, and as such can be roasted to most levels. Our personal preference is to pull at the very start of 2nd Crack; at this level some high notes are present while the chocolate elements of the coffee are well defined."
Ethiopia 'Wush Wush' Natural Grade 1,11.15,"The green coffee has a very fermented aroma. Roasted, there are aromas of toast, yeast, coffee fruit and ripe melon. Very pronounced fruit. Flavors of melon, papaya, both skewed toward the ripe to overripe range. Additionally, notes of barley, pecan, cherry cordial, tobacco, tangerine and sun-dried tomato. In short, there is a lot going on in the very fruity compote. A cup that is intense but balanced with a refreshing finish, sure to make you ""wush"" you had another cup. If you are a fan of powerful Natural flavors, this one is for you.",We stopped this roast about a minute past first crack and it seemed ideal - second crack had not yet started. On a Behmor a P2 or P3 would work well.
Ethiopia Yirgacheffe Idido Wogida Grade 1,10.39,"Aromas of brown sugar and roasted chestnuts. Flavors of maple, butter and toasted bread as well as rosewater. Big broad mouthfeel. Another first rate washed Yirgacheffe with exotic spice notes and satisfying presence.","Full City is a nice level for this coffee, taking it up to, but not pushing beyond 2nd crack. At City+ which is slightly lighter, the floral and lemony character is preserved, but the body will be a bit reduced. Yirgacheffe coffees can be roasted a bit darker if that is your preference. The beans, being grown at high elevations, are hard and dense but the flavor range will be narrower and florals will be lost."
Kenya AA Murage,10.44,"Black tea tannins and a classic Kenya profile with notable blackcurrant flavor contributing to the dry, long finish. Lime citrus and chewing tobacco notes. Round, smooth and clean with a tart finish.","Beans are hard and dense and can be roasted to a variety of darkness levels. Most floral and delicate notes will be presented at City+ to FC range. The delicate nuances of this coffee will present themselves at lightly roasted levels but be sure to have a full first crack. Some may prefer to finish the roast at the first sound of second crack. Behmor users try P1 or P3, or, switch to manual and increase drum speed in the latter part of the roast."
Kenya AB Gathaithi,10.17,Vanilla aroma with flavors of blackberry and blueberry. Complex with a long dry finish. Classic Kenya with notable blackcurrant notes.,"Beans are hard and dense and can be roasted to a variety of darkness levels. Most floral and delicate notes will be presented at City+ to FC range. The delicate nuances of this coffee will present themselves at lightly roasted levels but be sure to have a full first crack. Some may prefer to finish the roast at the first sound of second crack. Behmor users try P1 or P3, or, switch to manual and increase drum speed in the latter part of the roast."
Kenya AB Rita,8.60,"Aromas of cedar and fresh baked bread. Flavors of black tea, sweet and sugary. Bright and juicy. This is a clean, well structured Kenya, suited to a variety of roast levels and profiles.","Beans are hard and dense and can be roasted to a variety of darkness levels. Most floral and delicate notes will be presented at City+ to FC range. The delicate nuances of this coffee will present themselves at lightly roasted levels but be sure to have a full first crack. Some may prefer to finish the roast at the first sound of second crack. Behmor users try P1 or P3, or, switch to manual and increase drum speed in the latter part of the roast."
Costa Rica Brumas del Zurqui Geisha Natural,32.71,"Significant florals including jasmine. Peach, orange blossom, sweet tobacco aroma. Very piquant and floral with excellent fruit intensity and balance.","Geisha coffees need to be roasted on the light side in order to preserve their floral nature. Roast them too much and it will dissipate and much that you paid for will be lost. Let the coffee get fully past first crack, but if your roaster allows it, kick the heat down to nearly zero once first crack gets going and allow the coffee to slowly develop. You don't want to take this too close to second crack."
Costa Rica Brumas del Zurqui San Roque Natural,12.27,"Big, fruity Natural that is powerful but very clean. Lots of florals were a surprising element here. Flavors of plum, tamarind, maple syrup, cola. In some aspects it plays as a Geisha. Very exotic and delicious.","San Roque Natural will benefit from roasting on the light side, but not super light if the body is to have its potential viscosity. This is a sweet, floral coffee with a lot of natural sweetness, acidity and bean hardness due to its growing altitude.However, you will taste the roast and forfeit most of the sweet, winey, cola character of the variety itself."
Costa Rica Brumas Villa Sarchi,9.59,"Aromas of cedar and cherry. Flavors of honey, dark chocolate, green apple, lemon and lime. Light cherry notes too. Pleasant green apple tartness on the finish. Clean and sweet.","These coffee beans are hard and durable, thus they can withstand higher heat and longer roasting times, doing very well to second crack. But do yourself a favor and pull the coffee before the roast dominates; the more delicate flavors will be revealed."
Costa Rica La Minita Tarrazu,9.42,"Opulent fruit and fine acidity in complete harmony. Delicate body with long finish. Layered flavors. Roast notes: La Minita Tarrazu is a very high grown, dense and hard bean. It can take, and needs a lot of heat to develop. Roast to FC or FC+ to develop the complex flavor and fine acidity. The darker you roast beyond FC the more bright notes will diminish.",
Costa Rica Santa Maria Dota Tarrazu,8.26,,"Dense, high grown and durable coffee that can be roasted well throughout the full range of darkness levels. Keep it light to accentuate brightness, sweetness and nuance. Go darker to develop chocolate notes and texture. This coffee is sturdy and bright enough to be a dark roast and still retain flavor and acidity with some individuality."
Guatemala Antigua Santo Domingo SHB,8.30,"Typically bright, zesty acidity but also offers a very smoothly textured bittersweet chocolate mouthfeel.","Strictly Hard Bean (SHB), high grown coffees are durable and can be roasted to light or dark. Lighter roasts will be characterized by pronounce acidity and delicate wine notes. The acidity is sufficient to withstand darker roasting, meaning the coffee, when dark, will not be flat tasting and will remain vibrant as a stand-alone or blend component."
Panama Auromar Pacamara Natural,15.48,"A mildly floral expression of Pacamara. Aromas: cherry, marzipan, roasted chestnut with savory overtones. Flavors of chocolate, raspberry and fig with tart cherry background and finish. Very chocolatey mouthfeel with hazelnut.","We like this coffee best when roasted 30 to 60 seconds past the end of 1st Crack, or about 15% development time. Pacamara coffees are pretty resilient beans, but keep in mind natural processed coffees tend to roast faster than washed coffees."
Panama Don Julian Geisha Natural,58.12,"Delicate, medium fruit penetration. Tropical fruit flavors of pineapple, mango and kiwi. Mild florals, mostly light jasmine as is typical plus concentrated sugar. Smooth and silky finish. A traditionally processed natural that let's the natural flavor components of geisha express itself. Very clean.","Roasts very easily. Like most dense, hard bean and delicate coffees, we always suggest keeping it to the lighter roast side, maybe midway between first and second crack. This maximizes nuances, in this case the sweet acidity and floral Geisha notes that further roasting will diminish. Geisha needs to be roasted enough to retain body but not to the point where florals begin to disappear."
Panama Don Julian Washed Geisha,53.13,"A clear, clean and pure example of washed Geisha. Lots of floral notes including jasmine, hyacinth and plumeria. Also present are lemon and lemongrass and a decided amount of bergamot. A well balanced and delicious Geisha.","Like most dense, hard bean and delicate coffees, we always suggest keeping it to the lighter roast side, maybe midway between first and second crack. This maximizes nuances, in this case the sweet acidity and floral Geisha notes that further roasting will diminish. Geisha needs to be roasted enough to retain body but not to the point where florals begin to disappear."
Panama Elida Estate Catuai Natural,17.43,"Big fruity aroma. Classic Catuai Natural. Very high toned, fruity cup that kept improving as it cooled. Cherry notes expanded and high tones modified during cooling. Black tea and blackcurrant tannins. Juicy, piquant and notably well balanced.","Our preferred roasting range for this coffee is midway between 1st and 2nd crack. The delicate qualities will be present throughout this range, with lighter variations highlighting piquancy and citrus notes, while Full City levels will enhance body. Keep in mind that natural processed coffees tend to roast a little quicker than washed, and plan your roast accordingly."
Panama Mi Finquita Geisha Natural,120.00,"Very floral and filled with jasmine in aroma that stands out as powerfully in the cup. Lots of lavender, magnolia and bright citrus notes in the finish. A layered, sophisticated Geisha showing off a particular terroir in the clouds.","Our preferred roasting range for this coffee is midway between 1st and 2nd crack. The delicate qualities will be present throughout this range, with lighter variations highlighting piquancy and citrus notes, while Full City levels will enhance body. Keep in mind that natural processed coffees tend to roast a little quicker than washed, and plan your roast accordingly."
Panama Auromar Firestone Geisha Washed,50.51,"This is a lighter style Geisha that shows silky body with lanolin. There is a faint background of fresh mint. Aromas of tobacco, vanilla, and coffee blossom. Flavors of red apple and jasmine. A clean washed geisha that is delicate and lightly floral.","Like most dense, hard bean and delicate coffees, we always suggest keeping it to the lighter roast side, maybe midway between first and second crack. This maximizes nuances, in this case the sweet acidity and floral Geisha notes that further roasting will diminish."
Bolivia Fair Trade & Organic,9.82,"Heavy rich aroma, low acidity, smooth body and sweet milk chocolate flavor.","This high grown coffee can withstand a broad range of roasts. We like it best as it approaches second crack, as this roast level accentuates body. But you can feel equally comfortable backing off a bit and roasting it lighter, or, going further towards a dark roast."
Brazil Estavam Mario Natural,8.85,"Almond and Macadamia aromas. Flavors of fig, prune, tamarind and hazelnut. Earthy body and well structured with a smooth, long finish.","Coffees from these altitudes, while relatively high for Brazil, produce somewhat softer beans than other higher origins. Thus, slower roasts can be done. This coffee will produce earthy body and is a great candidate for single origin espresso. We advise pulling the roast before second crack has commenced, or just at its start."
Colombia Finca La Primavera Chiroso,11.60,"Aromas of honey, chestnut and cola. Flavors of tamari, cedar, dark fruit like dates, molasses. Sweet and complex coffee with mild florals. A nice example of washed Chiroso.","Due to the high altitude that this coffee is grown at the beans are small and dense. To showcase the flavor profile we recommend pulling before second crack, but the bean is durable enough to withstand a darker roast if desired."
Colombia Granja La Esperanza Sudan Rume Natural,36.34,"Aromas of port wine, canteloupe and savory court buillion. Flavors of date, quince, cinnamon, nutmeg, black cherry, bergamot. Profoundly different and impressive. Exotic, delicious.","This coffee could be enjoyed with a variety of lighter roast levels. If your roaster can control development time, extend it to around 15%. That means if time to first crack is 10 minutes on your particular roaster than lower heat and let it ride out 90 seconds, then pull the roast. This coffee offers a lot of really interesting flavor notes that will be masked if roasted beyond much into and certainly beyond second crack."
Colombia Milton Monroy Geisha Natural,32.65,"Delicious, orange and tangerine flavors with notable sweet florals, honeysuckle and tropical fruit. Very fragrant and floral with powerful fruit notes and candy. Flavor notes: rose florals, watermelon, fruit, candy, molasses and rosewater. Complex, vibrant Geisha Natural.","We always prefer Geisha coffees to be on the light side, otherwise their floral character gets diminished, which is partly the quality that makes them so sought after and relatively expensive. After first crack drop the heat and try to stretch out the development time, but end the roast before second crack begins. If the roast is not perfectly even that's ok."
Colombia Supremo Huila,8.22,Clean and bright with intense aroma. Light acidity and generous sweetness. Nice preparation.,"Durable, high grown coffee capable of roasts between City Plus (C+) and dark roasts past second crack, and steps in between. The beans are large and dense, having enough acidity to hold up to dark roasting while still being flavorful. If you roast on a Behmor we suggest profile P2 for this coffee. We felt this profile offered the best combination of body and acidity. P3 was also quite decent."
Colombia Supremo Swiss Water Decaf,11.62,,
Peru Fair Trade Organic,9.66,"Complex and layered with bittersweet chocolate tones. Smooth texture offers an elegant mouthfeel. Bright, apple acidity showing its high elevation origins. Ripe berry, grape, tropical flavors.",Full City suggested for lighter roasts. This coffee is also well suited for dark roast enthusiasts as it is bright and hard enough to withstand additional roasting beyond second crack.
Sumatra Mandheling Fair Trade Organic,9.85,"Aromas: tobacco, smoky, roasted hazelnut. Clean flavors include raisin, persimmon with savory, smoky notes. Earthy, nutty and smooth. A sturdy and pronounced but not overbearing body. The coffee's mouthfeel is viscous and tongue coating.","C+ to FC are good levels for Sumatra, though it is also highly prized when roasting darker. You will find different taste characteristics at each point: At C+ sweeter, nuttier flavors, less mouthfeel; at FC mouthfeel intensifies and reveals the earthy character; as the coffee roasts longer and caramelizes the body remains with added bittersweet characteristics."
Peru Swiss Water Fair Trade Organic Decaf,12.06,"Clean, bright, free of taints. Piquant acidity, medium body, well balanced. A good choice for a single origin decaf or blend component.","In order to highlight the clean, delicate acidity of this coffee, it is best taken to a full city roast. This coffee can be roasted light or dark."
Costa Rica Swiss Water Decaf,11.45,"Pleasant aroma, fine acidity, medium body with a well-rounded, distinctive finish. It is a very well balanced coffee with a clean finish.","In order to highlight the clean, delicate acidity of this coffee, it is best taken to a full city roast. Dark roast fans could roast it slightly longer."
Espresso Firenze,8.68,"Berry complex notably blueberry as backdrop. Lots of crema when roasted properly and when the beverage has the correct extraction. Long tangy finish, thick lanolin mouthfeel. Highly aromatic.","We recommend that you roast Espresso Firenze to Full City, pulling the roast as it just begins second crack. By doing so you will preserve much of the delicacy of the components, the acidic bite and fruity notes. This is the same recommendation we make for our Espresso Milano. But feel free to do your own experiments and roast it to your liking."
Espresso Milano,9.30,,
